id,question
0,Can you explain the HACCP system in detail?
0,What steps are involved in implementing HACCP?
0,How does HACCP contribute to food safety?
0,What are some common hazards identified by HACCP?
0,Why is HACCP important for food production?
1,What methods are involved in frying food?
1,How does frying enhance the flavor of ingredients?
1,What types of oil are best for frying dishes?
1,What is the difference between shallow frying and deep frying?
1,What precautions should be taken while frying food?
2,What ingredients are typically used in Navarin?
2,How long should I simmer Navarin for best flavor?
2,Can I use different meat for Navarin instead of lamb?
2,What vegetables pair well with Navarin stew?
2,Are there any specific cooking techniques required for making Navarin?
3,What type of vegetables contain betalin?
3,How does betalin affect the color of beets?
3,Is betalin found in any other food besides beets?
3,What are the health benefits of eating foods with betalin?
3,Can betalin be used in cooking for color enhancement?
4,How does stewing differ from other cooking methods?
4,What types of food are best suited for stewing?
4,"Can I use any liquid for stewing, or are there specific recommendations?"
4,How long should I typically stew food for optimal flavor and tenderness?
4,What should I do if my stew is too thick or too thin?
5,Can you explain the process of braising in more detail?
5,What types of liquid are best for braising?
5,What is the difference between braising and stewing?
5,What kind of meat is ideal for braising?
5,How long does it typically take to braise a dish?
6,Can you explain the process of making purees?
6,What foods are commonly used for pureeing?
6,How do you achieve the right consistency for a puree?
6,What are some recipes that require pureeing?
6,Is pureeing suitable for all types of food?
7,Can you explain the process of making a Ragoût?
7,What types of red meat are best for a Ragoût?
7,How do I achieve the right color and flavor for my Ragoût?
7,What can I use instead of stock or red wine in a Ragoût?
7,Is there a specific cooking time for a perfect Ragoût?
8,How do I chiffonade herbs for my recipe?
8,What kind of leafy greens can I chiffonade?
8,Why is chiffonade important in cooking presentations?
8,Can you explain the steps to chiffonade basil?
8,Are there any tips for achieving a perfect chiffonade?
9,How does deep frying affect the texture of food?
9,What types of food are best suited for deep frying?
9,What is the ideal temperature for deep frying?
9,Are there healthier alternatives to deep frying?
9,What preparations should be done before deep frying?
10,Can you explain the benefits of stir-frying vegetables?
10,What type of oil is best for stir-frying?
10,How do I ensure my meat stays tender when stir-frying?
10,What are some common ingredients used in stir-frying?
10,How do I properly prepare vegetables for stir-frying?
11,What are the benefits of peeling vegetables before cooking?
11,How does peeling affect the texture of a dish?
11,Are there specific vegetables that should always be peeled?
11,What happens if I don’t peel certain vegetables?
11,Can peeling vegetables influence their taste in recipes?
12,What types of meat can be used for a Blanquette?
12,How do you prepare the white stock for a Blanquette?
12,What ingredients are needed for the creamy sauce in a Blanquette?
12,Can I substitute white meat with another type in a Blanquette?
12,What are some sides that pair well with a Blanquette?
13,Can you explain how to prepare a Fricassee?
13,What types of meat can be used in a Fricassee?
13,How do you achieve the pale color in a Fricassee?
13,What is the difference between a Fricassee and other stews?
13,What ingredients are typically added to finish a Fricassee?
14,How does pot roasting enhance flavor in dishes?
14,What type of vegetables should I use for pot roasting?
14,Can I pot roast meats in any type of pan?
14,What are the benefits of using steam in pot roasting?
14,What is the difference between pot roasting and other cooking methods?
15,How does pot roasting differ from traditional roasting?
15,What type of pan is best for pot roasting?
15,Can I use any vegetables for pot roasting?
15,What meats are most suitable for pot roasting?
15,How do I ensure the meat is tender when pot roasting?
16,What benefits does grating vegetables provide for cooking?
16,How does grating affect the texture of salads?
16,In what recipes is grating vegetables particularly useful?
16,Are there other methods to prepare vegetables for quick cooking?
16,Can grating change the flavor of vegetables in a dish?
17,What is the method for serving stewed foods?
17,Why are stews cooked in minimal liquid?
17,How does cooking liquid affect the flavor in stews?
17,What benefits does slow cooking provide to dishes like stews?
17,Can you explain how to enhance tenderness in stewed meats?
18,How do I prepare coddled eggs using a coddler?
18,What temperature should the water be for coddling eggs?
18,Can I add ingredients other than cream or ham to coddled eggs?
18,What is the ideal cooking time for coddled eggs?
18,What are some tips for pairing coddled eggs with other dishes?
19,Can you explain the ingredients in Bouillabaisse?
19,What types of fish are typically used in Bouillabaisse?
19,How do you make the broth for Bouillabaisse?
19,What herbs are essential for a good Bouillabaisse?
19,What are some common side dishes to serve with Bouillabaisse?
20,How is an English muffin prepared for Eggs Benedict?
20,What kind of ham is used in Eggs Benedict?
20,Can I substitute Canadian bacon with another ingredient?
20,What are the steps to make hollandaise sauce for Eggs Benedict?
20,How should Eggs Benedict be served for best flavor?
21,How does spit roasting enhance flavor?
21,What types of meat are best for spit roasting?
21,Can I spit roast using a gas grill?
21,What is the ideal temperature for spit roasting?
21,How long does it take to spit roast a whole chicken?
22,Can you explain how to achieve a brunoise cut in vegetables?
22,What types of dishes typically use a brunoise cut for garnishing?
22,What tools are best for making a brunoise cut effectively?
22,Are there any alternatives to the brunoise cut for smaller dice?
22,How does the size of a brunoise cut compare to other knife cuts?
23,How does shallow frying differ from deep frying?
23,What types of food are best for shallow frying?
23,What is the ideal temperature for shallow frying?
23,How much oil is needed for shallow frying?
23,Can I shallow fry without oil or fat?
24,Can you explain the process of white braising in detail?
24,What types of vegetables work best for white braising?
24,How does white stock differ from other stocks used in braising?
24,What is the purpose of blanching before braising?
24,Are there any specific root vegetables recommended for the braising bed?
25,What is the best fat to use for sautéing?
25,How do I know when the pan is hot enough for sautéing?
25,Can I sauté frozen vegetables or meats?
25,What types of sauces can be made from sauté drippings?
25,Is there a specific technique for deglazing the pan after sautéing?
26,What is the process involved in barbecuing food?
26,How does marinating affect the flavor in barbecued meals?
26,What type of heat source is preferred for barbecuing?
26,Can sauces be added while cooking food on the barbecue?
26,What makes the flavor of barbecued food unique?
27,Can you describe the size of a Pont Neuf cut?
27,What is the appropriate cooking method for Pont Neuf potatoes?
27,Is the Pont Neuf cut suitable for frying or roasting?
27,How does the thickness of a Pont Neuf cut affect cooking time?
27,Are there any specific seasonings that complement Pont Neuf potatoes?
28,How do I make a bouquet garni for my soup?
28,What herbs should I include in a bouquet garni?
28,Can I use a bouquet garni in stews as well?
28,How long should I leave a bouquet garni in my dish?
28,What do I do with a bouquet garni after cooking?
29,What liquids can be used for boiling food?
29,How do I know when the water has reached the boiling point?
29,What types of food are best suited for boiling?
29,What is the difference between boiling and simmering food?
29,How can I ensure that my food cooks evenly while boiling?
30,How does infrared cooking differ from traditional methods?
30,What types of foods are best suited for infrared cooking?
30,"Can I use infrared cooking for baking, or is it only for broiling?"
30,What equipment do I need for infrared cooking at home?
30,Is infrared cooking energy efficient compared to other cooking methods?
31,What are the main features of tandoori cooking?
31,How does a tandoor work for cooking?
31,What types of foods are best suited for tandoori preparation?
31,What flavors does tandoori cooking add to meats?
31,Can I use a regular oven to replicate tandoori cooking?
32,What is the principle behind radiation cooking?
32,How does a microwave use radiation for heating food?
32,Can you compare infrared grills to traditional methods?
32,What are the benefits of using radiation cooking techniques?
32,Are there any safety concerns with radiation cooking?
33,How do you make a batter for frying foods?
33,What ingredients are essential in a batter?
33,What is the purpose of using batter when cooking?
33,Can batter be used for other types of cooking besides frying?
33,How does batter contribute to the texture of fried foods?
34,How does infra-red cooking work in the kitchen?
34,What are the benefits of using infra-red cooking methods?
34,Can infra-red cooking be used for all types of food?
34,What equipment is needed for infra-red cooking?
34,How does infra-red cooking compare to traditional methods?
35,How does radiation cooking differ from traditional methods?
35,What are the benefits of using infrared waves in cooking?
35,Can you explain the principles behind microwave cooking?
35,What types of foods are best suited for radiation cooking techniques?
35,Are there any safety concerns with radiation cooking methods?
36,What are the benefits of using a pressure cooker for cooking?
36,How does pressure cooking conserve fuel compared to boiling?
36,Can pressure cooking help retain more nutrients in food?
36,Why is pressure cooking more efficient than traditional boiling methods?
36,What makes pressure cooking require less attention during the cooking process?
37,What are the main steps in implementing HACCP?
37,How can I identify hazards in my cooking process?
37,What are critical control points I should consider?
37,How do I monitor the critical control points effectively?
37,What documentation is necessary for HACCP compliance?
38,What ingredients are essential for making Navarin?
38,How long should I simmer Navarin for optimal flavor?
38,Can I use other meats instead of lamb in Navarin?
38,What are some traditional side dishes to serve with Navarin?
38,What is the origin of Navarin as a dish?
39,What types of meat can be used in a White Blanquette?
39,How do I prepare the stock for a White Blanquette?
39,What vegetables should I include in a White Blanquette?
39,Can I use a different sauce instead of the traditional one for a White Blanquette?
39,What side dishes pair well with White Blanquette?
40,What types of food can be cooked on a griddle?
40,How does a griddle differ from a frying pan?
40,Can I use a griddle for cooking meats?
40,What materials are griddles typically made of?
40,What is the best way to clean a griddle after cooking?
41,How does blanching affect food texture?
41,What are the steps involved in the blanching process?
41,Can blanching be used for all types of vegetables?
41,Why is cooling important after blanching food?
41,What enzymes does blanching inactivate in vegetables?
42,What types of birds are classified as poultry?
42,How does the age of poultry influence its tenderness?
42,Are there specific cooking methods for chickens and turkeys?
42,Do gender differences in poultry affect cooking techniques?
42,What domesticated birds are typically used in cooking?
43,How does the thickness of food affect over-heat grilling?
43,What type of grill is best for over-heat grilling?
43,How long should I pre-heat the grill for over-heat grilling?
43,What food items are suitable for over-heat grilling?
43,Is it necessary to oil the grill bars before over-heat grilling?
44,What ingredients are used for a soufflé base?
44,How do you properly beat egg whites for a soufflé?
44,What role does folding play in making a soufflé airy?
44,What temperature is ideal for baking a soufflé?
44,How can I prevent my soufflé from collapsing?
45,What are the benefits of grilling food compared to other cooking methods?
45,How does radiant heat impact the cooking process when grilling?
45,What type of food is best suited for grilling and why?
45,Can you explain how grilling affects the flavor profile of meats?
45,What techniques can enhance texture while grilling food?
46,What is the purpose of paring in cooking?
46,How does paring affect the appearance of fruits and vegetables?
46,Can paring improve the taste of my dishes?
46,What tools are best for paring fruits and vegetables?
46,Are there specific fruits or vegetables that should always be pared?
47,How is a Brown Ragut prepared?
47,What ingredients are necessary for a Brown Ragut?
47,What type of meat is used in a Brown Ragut?
47,Is red wine essential for making a Brown Ragut?
47,What cooking techniques are involved in making a Brown Ragut?
48,How do I prepare food for cooking en papillote?
48,What types of food are best for cooking en papillote?
48,Can I use parchment paper instead of foil for en papillote?
48,What are the benefits of cooking food en papillote?
48,What is the ideal cooking time for food en papillote?
49,What temperature should I bake shirred eggs?
49,How long do I need to bake the eggs for the whites to set?
49,Can I use oil instead of butter for the dish?
49,What should the texture of shirred eggs be like when done?
49,Are shirred eggs suitable for breakfast or other meals?
50,What are the cooking times for fennel using different methods?
50,How can I tell if fennel is tender while cooking?
50,Is there a specific way to prepare fennel before cooking?
50,Can I cook fennel without boiling it first?
50,What is the best method to cook fennel for maximum flavor?
51,How does roasting affect the flavor of meat?
51,Can roasting be done without an oven?
51,What is the difference between roasting and baking?
51,Why is the crust important when roasting food?
51,Does roasting retain the moisture in vegetables?
52,How does conduction influence cooking times?
52,Can you give examples of conduction in cooking methods?
52,What types of cookware are best for conduction?
52,Why is conduction important in baking?
52,How can I improve conduction in my cooking techniques?
53,How does the Maillard reaction improve flavor in cooking?
53,What temperature is needed for the Maillard reaction to occur?
53,Can you explain the science behind the Maillard reaction?
53,What types of food benefit from the Maillard reaction?
53,Are there any techniques to enhance the Maillard reaction in cooking?
54,How do I achieve the Maillard reaction while cooking meat?
54,What temperature is best for initiating the Maillard reaction?
54,Can I use the Maillard reaction in baking bread?
54,What types of foods showcase the Maillard reaction?
54,What flavor characteristics develop from the Maillard reaction?
55,What is the process of spit roasting large pieces of meat?
55,How does spit roasting enhance flavor in meat dishes?
55,What types of meat can be spit roasted effectively?
55,Are there specific tools needed for spit roasting?
55,How do you ensure even cooking while spit roasting?
56,What ingredients do I need for a basic omelet?
56,How long should I cook the omelet before adding fillings?
56,Can I use non-dairy butter for the skillet?
56,What types of fillings work well in an omelet?
56,How do I know when the omelet is fully cooked?
57,What does HACCP stand for in relation to cooking safety?
57,How can HACCP help prevent foodborne illnesses?
57,What are the main principles of HACCP in food preparation?
57,In what ways does HACCP differ from other food safety systems?
57,Can you explain the importance of proactive measures in cooking?
58,How can I tell if a fish is fresh before buying it?
58,What visual features should I look for on fresh fish?
58,Is there a specific smell that indicates fish is fresh?
58,What should I do if the fish does not meet freshness criteria?
58,Why is it important for fish to have firm flesh?
59,What are the benefits of cutting veggies evenly?
59,How does uniform slicing affect cooking time?
59,Can uneven vegetable slices ruin a dish's presentation?
59,Why is texture important in salads and stir-fries?
59,What techniques help achieve uniform vegetable slices?
60,What is the science behind microwave cooking?
60,Can microwaves cook food without browning it?
60,How do microwaves heat food so quickly?
60,What happens to water molecules when microwaved?
60,Is microwave cooking safe for all types of food?
61,What are the benefits of using a microwave for cooking?
61,"Can I cook raw food in a microwave, or is it just for reheating?"
61,How does microwave cooking compare to traditional cooking methods?
61,What types of food are best suited for microwave cooking?
61,Is there a specific time or temperature to use for different foods in the microwave?
62,What are the benefits of using caul fat in my cooking?
62,Can caul fat be used for any type of meat dish?
62,How do you prepare caul fat before cooking with it?
62,Is caul fat similar to any other cooking materials?
62,What are some recipes that include caul fat?
63,What is the best way to keep eggs fresh at home?
63,Should eggs be washed before storing them?
63,How can I prevent eggs from absorbing odors in the fridge?
63,Is there a specific order to use eggs when cooking?
63,Why is it important to store eggs in their carton?
64,What types of meat are typically deep-fried?
64,How do you achieve the right frying temperature for meat?
64,Are there specific dishes where deep-frying meat is preferred?
64,What is the process for breading meat before deep-frying?
64,Can you explain the importance of moisture in deep-fried meat?
65,How does aging meat enhance its tenderness?
65,What effects does aging have on the flavor of meat?
65,Is it common to age veal and pork like other meats?
65,Can marinating tough cuts in acid improve their quality?
65,What are the benefits of aging meat under cool conditions?
66,How does steaming affect the nutritional value of vegetables?
66,What are the benefits of steaming fish compared to frying?
66,Which foods are best suited for steaming?
66,Can steaming help retain the color of vegetables during cooking?
66,Is steaming a healthy cooking method for preparing dim sum?
67,How do I make seasoned flour for my dishes?
67,What types of food can I coat with seasoned flour?
67,Does seasoned flour enhance the taste of all meats?
67,Can I use seasoned flour for frying vegetables?
67,What are the benefits of using seasoned flour before cooking?
68,How does the sous vide method ensure even doneness?
68,What types of food can be cooked using sous vide?
68,What equipment is necessary for sous vide cooking?
68,How do I properly seal food for sous vide?
68,What temperatures are ideal for sous vide cooking?
69,What is the benefit of pressing vegetables before cooking?
69,How does pressing affect the consistency of grated vegetables?
69,In what dishes is it important to have drier vegetables?
69,Can you explain the process of pressing vegetables?
69,What types of vegetables are best suited for pressing?
70,What is the best way to sauté mushrooms?
70,How long should I roast mushrooms for tenderness?
70,Can I use oil instead of butter for cooking mushrooms?
70,What temperature should I set the oven to for roasting mushrooms?
70,Are there any tips for cleaning mushrooms before cooking?
71,What vegetables are typically used in ratatouille?
71,Can ratatouille be served as a main dish?
71,How do you prepare the vegetables for ratatouille?
71,What is the cooking process for making ratatouille?
71,Are there any variations of ratatouille I should know about?
72,What is the purpose of skimming in cooking?
72,How does skimming affect the flavor of stocks?
72,Can skimming improve the appearance of sauces?
72,What techniques are effective for skimming liquids?
72,When should I start skimming while cooking?
73,Can you explain the process of blanching in detail?
73,What are the benefits of blanching vegetables before freezing?
73,How long should I blanch different types of vegetables?
73,What happens to enzymes during the blanching process?
73,Are there any foods that should not be blanched?
74,What are the effects of long soaking on vegetables?
74,How can I restore the crispness of my vegetables?
74,Is it necessary to soak all types of vegetables?
74,What method should I use to remove insects from vegetables?
74,How briefly should I soak vegetables if needed?
75,What advantages does steaming have compared to boiling?
75,How does steaming affect the nutrients in food?
75,Can steaming make cooking times quicker for delicate items?
75,Why is steaming preferred for preserving flavor and color?
75,Are there specific foods that steam better than they boil?
76,What temperature should I set my air fryer to for corn on the cob?
76,How long does it take to air fry corn on the cob?
76,Can I season corn on the cob before air frying it?
76,Is there a specific way to prepare corn on the cob for air frying?
76,What should I do if my corn on the cob is frozen before air frying?
77,What temperature should I set my grill for lamb chops?
77,How long do I need to cook lamb chops on each side?
77,What thickness of lamb chops is best for grilling?
77,Is there a specific method for flipping lamb chops while grilling?
77,Can I use different seasoning for the lamb chops while grilling?
78,What ingredients are best for marinating meat before brown braising?
78,How long should I marinate the meat for optimal flavor?
78,What types of root vegetables work well in brown braising?
78,What liquid options can I use to add flavor during the braising process?
78,How long and at what temperature should I cook the meat in the oven?
79,What temperature is ideal for tandoori cooking?
79,What type of oven is used for tandoori dishes?
79,How does dry heat affect the flavor of tandoori food?
79,What ingredients can be marinated for tandoori cooking?
79,Can tandoori techniques be used for fish and breads?
80,What safety parameters should I monitor in HACCP?
80,How do I determine the minimum cooking temperatures?
80,Can you explain what CCP means in the context of cooking?
80,What are the hazards I need to control during food preparation?
80,Why are critical limits important in food safety?
81,What types of biological hazards should I be aware of while cooking?
81,Can you explain what physical hazards might occur in the kitchen?
81,What are some examples of chemical hazards to avoid when preparing food?
81,How can I prevent biological hazards in my cooking environment?
81,What steps should I take to identify and eliminate physical hazards?
82,How do I properly marinate the meat for brown braising?
82,What type of root vegetables work best for this cooking method?
82,What liquid can I use to enhance the flavor in brown braising?
82,Is it necessary to brown the meat on all sides before braising?
82,How long should I cook the meat in the oven for brown braising?
83,How does between-the-heat grilling work?
83,What types of meat are best for between-the-heat grilling?
83,What equipment do I need for between-the-heat grilling?
83,Can I achieve even cooking with between-the-heat grilling?
83,What are the benefits of using electrically heated bars for grilling?
84,Can you explain the process of emulsification and its purpose in cooking?
84,What types of liquids are typically involved in emulsification?
84,How does emulsification affect the texture of sauces and dressings?
84,Are there any common mistakes to avoid when emulsifying ingredients?
84,What are some examples of dishes that rely on emulsification?
85,What age do calves need to be to produce veal?
85,How does a milk-based diet affect veal's tenderness?
85,What distinguishes free-range veal from regular veal?
85,Can you explain the flavor profile of veal?
85,Why is veal meat considered delicate?
86,What is the purpose of using filtration in preparing broth?
86,How does filtration improve the texture of sauces?
86,Can you explain the benefits of clarifying stocks through filtration?
86,In what ways does filtration affect the final dish presentation?
86,Are there specific techniques for effective filtration in cooking?
87,What happens to the texture of fish when overcooked?
87,How can I determine the right cooking time for fish?
87,What techniques help prevent fish from drying out?
87,Why is it important to monitor cooking after removing fish from heat?
87,What flavor losses occur when fish is cooked too long?
88,What ingredients are best for stir-frying?
88,How do I maintain the nutrients while stir-frying?
88,What type of oil is best for stir-frying?
88,"Can I stir-fry frozen vegetables, or should they be fresh?"
88,What are the common mistakes to avoid in stir-frying?
89,What type of eggs should I use for poaching?
89,How long should I cook poached eggs for the best results?
89,"Is vinegar necessary when poaching eggs, and why?"
89,What temperature should the water be for poaching eggs?
89,How can I achieve neat whites and soft yolks when poaching eggs?
90,What temperature should I pre-chill salad bar items to?
90,How can I ensure cold items stay properly chilled?
90,Is it safe to mix leftover salad bar items with fresh ones?
90,What are the best practices for displaying salad bar items?
90,How do I maintain adequate ice for a salad bar?
91,What happens to sugars when heated?
91,How can I achieve a brown color in my desserts?
91,What is the process of starch gelatinization?
91,How does heat affect the texture of sauces?
91,Why is it important for baked goods to have structure?
92,What are the nutritional advantages of steaming food?
92,Can steaming improve the color and texture of vegetables?
92,Is steaming suitable for individuals with digestive issues?
92,How does steaming compare to other cooking methods in preserving nutrients?
92,What types of foods are best cooked using steam?
93,What should I do to achieve a gentle simmer for stewing?
93,How much liquid should I use in my stew for optimal flavor?
93,Why is it important to cook slowly when stewing meat?
93,What techniques can I use to break down fibers in tougher cuts of meat?
93,How do I develop rich flavors in my stew while cooking?
94,What is the best way to safely thaw meat?
94,Can I thaw vegetables using the same methods?
94,How long does it take to thaw food in the refrigerator?
94,Is it safe to thaw food at room temperature?
94,What temperature should my food reach after thawing?
95,Can you explain the process of braising for meat dishes?
95,What types of liquids are best for braising ingredients?
95,How does braising differ from other cooking methods like stewing?
95,What foods are most suited for braising to achieve tenderness?
95,Are there any tips for achieving flavorful results when braising?
96,How do fats influence flavor during cooking?
96,What happens to fats when they are heated?
96,Why are smoke points important in cooking methods?
96,Can you explain the impact of fats on sautéing and frying?
96,What makes different fats suitable for various cooking techniques?
97,What are the methods to cook eggplant until it is soft?
97,Can I use different fats to sauté eggplant?
97,How long should I boil eggplant for tenderness?
97,Is steaming a good option for cooking eggplant?
97,What is the best way to sauté eggplant for tenderness?
98,What ingredients do I need for a crown roast of lamb?
98,"Can a crown roast of lamb be stuffed, and if so, what are some filling ideas?"
98,How do I properly prepare the lamb racks for forming a crown roast?
98,What decorations can I use to enhance the appearance of a crown roast of lamb?
98,How long should I cook a crown roast of lamb for optimal tenderness?
99,What is the process for preheating a grill?
99,How do you properly oil grill bars before cooking?
99,What temperature should grill heat be set at for over-heat grilling?
99,What types of food are best suited for over-heat grilling?
99,How can I determine if food is done while grilling?
